Document Id,Event-Event Pair,Found,Found_Pair
12_10ecbplus.xml_1,intercepts_12_22--seized_43_49,1.0,1.0
12_10ecbplus.xml_3,foiled_16_22-r-attempt_32_39,1.0,1.0
12_10ecbplus.xml_4,intercepted_27_38--seized_58_64,1.0,1.0
12_11ecbplus.xml_1,foils_12_17-r-attempt_25_32,1.0,1.0
12_11ecbplus.xml_3,foiled_32_38-r-attempt_48_55,1.0,1.0
12_1ecbplus.xml_3,patrolling_16_26-r-operation_233_242,1.0,1.0
12_1ecbplus.xml_3,thwarted_56_64-r-operation_233_242,1.0,1.0
12_1ecbplus.xml_3,apprehending_125_137-r-operation_233_242,1.0,1.0
12_1ecbplus.xml_3,confiscating_160_172-r-operation_233_242,1.0,1.0
12_1ecbplus.xml_3,patrolling_16_26--thwarted_56_64,1.0,1.0
12_1ecbplus.xml_3,thwarted_56_64--apprehending_125_137,1.0,1.0
12_1ecbplus.xml_3,thwarted_56_64--confiscating_160_172,1.0,1.0
12_2ecbplus.xml_1,thwarts_12_19--arrested_64_72,1.0,1.0
12_2ecbplus.xml_3,thwarted_34_42--captured_83_91,1.0,1.0
12_3ecbplus.xml_1,foils_12_17--nabs_43_47,1.0,1.0
12_3ecbplus.xml_3,thwarted_50_58-r-apprehending_119_131,1.0,1.0
12_3ecbplus.xml_3,thwarted_50_58-r-confiscating_154_166,1.0,1.0
12_3ecbplus.xml_3,apprehending_119_131-r-operation_227_236,1.0,1.0
12_3ecbplus.xml_3,confiscating_154_166-r-operation_227_236,1.0,1.0
12_3ecbplus.xml_3,patrolling_12_22-r-operation_227_236,1.0,1.0
12_3ecbplus.xml_3,thwarted_50_58-r-operation_227_236,1.0,1.0
12_3ecbplus.xml_3,patrolling_12_22--thwarted_50_58,1.0,1.0
12_3ecbplus.xml_8,operation_43_52-r-mission_114_121,1.0,1.0
12_4ecbplus.xml_10,action_19_25-r-mission_114_121,1.0,1.0
12_4ecbplus.xml_10,operation_66_75-r-mission_114_121,1.0,1.0
12_4ecbplus.xml_3,foiled_39_45--confiscating_188_200,1.0,1.0
12_4ecbplus.xml_3,foiled_39_45--capturing_132_141,1.0,1.0
12_5ecbplus.xml_3,deployed_28_36--thwarted_143_151,1.0,1.0
12_5ecbplus.xml_3,patrols_54_61--thwarted_143_151,1.0,1.0
12_5ecbplus.xml_3,thwarted_143_151--rescued_204_211,1.0,1.0
12_5ecbplus.xml_3,attack_170_176-r-rescued_204_211,1.0,1.0
12_6ecbplus.xml_1,Interdicts_18_28-r-Operation_62_71,1.0,1.0
12_6ecbplus.xml_3,deployed_38_46--thwarting_203_212,1.0,1.0
12_6ecbplus.xml_3,patrols_64_71--thwarting_203_212,1.0,1.0
12_7ecbplus.xml_3,intercepted_30_41-r-foiled_101_107,1.0,1.0
12_7ecbplus.xml_4,detected_12_20-r-escorting_108_117,1.0,1.0
12_8ecbplus.xml_1,attack_21_27-r-transiting_48_58,1.0,1.0
12_8ecbplus.xml_1,foiled_80_86--capturing_134_143,1.0,1.0
12_8ecbplus.xml_1,foiled_80_86--confiscating_190_202,1.0,1.0
12_8ecbplus.xml_1,foiled_80_86-r-on_escort_duty_117_131,1.0,1.0
12_8ecbplus.xml_2,escorting_30_39--noticed_183_190,1.0,1.0
12_8ecbplus.xml_2,escorting_30_39--approaching_224_235,1.0,1.0
12_8ecbplus.xml_8,action_19_25-r-operation_66_75,1.0,1.0
12_8ecbplus.xml_8,operation_66_75-r-mission_114_121,1.0,1.0
12_9ecbplus.xml_12,operation_43_52-r-mission_112_119,1.0,1.0
12_9ecbplus.xml_3,deployed_38_46--thwarting_203_212,1.0,1.0
12_9ecbplus.xml_3,patrols_64_71--thwarting_203_212,1.0,1.0
19_10ecbplus.xml_1,"""Riot""_7_13-r-Shooting_32_40",1.0,1.0
19_10ecbplus.xml_2,shot_47_51--killed_56_62,1.0,1.0
19_10ecbplus.xml_2,shot_47_51-r-pointed_126_133,1.0,1.0
19_10ecbplus.xml_2,killed_56_62-r-pointed_126_133,1.0,1.0
19_10ecbplus.xml_5,gathered_18_26--mourn_30_35,1.0,1.0
19_10ecbplus.xml_5,gathered_18_26-r-protest_50_57,1.0,1.0
19_10ecbplus.xml_5,protest_50_57-r-treatment_65_74,1.0,1.0
19_10ecbplus.xml_5,mourn_30_35-r-deathâ€”and_40_49,1.0,1.0
19_11ecbplus.xml_1,Riot_6_10-r-Vigil_41_46,1.0,1.0
19_11ecbplus.xml_1,Riot_6_10-r-Shot_56_60,1.0,1.0
19_11ecbplus.xml_1,Vigil_41_46-r-Shot_56_60,1.0,1.0
19_11ecbplus.xml_13,shooting_10_18--rushed_28_34,1.0,1.0
19_11ecbplus.xml_13,shooting_10_18--dead_66_70,1.0,1.0
19_11ecbplus.xml_3,intervened_7_17-r-vigil_72_77,1.0,1.0
19_11ecbplus.xml_3,vigil_72_77-r-shot_175_179,1.0,1.0
19_11ecbplus.xml_3,intervened_7_17-r-joined_in_50_59,1.0,1.0
19_11ecbplus.xml_4,followed_45_53-r-march_58_63,1.0,1.0
19_11ecbplus.xml_4,searched_68_76-r-throwing_175_183,1.0,1.0
19_11ecbplus.xml_4,looking_136_143-r-throwing_175_183,1.0,1.0
19_1ecbplus.xml_1,Powder_Keg'_28_39-r-Killed_51_57,1.0,1.0
19_1ecbplus.xml_4,splintered_off_130_144--drawing_147_154,1.0,1.0
19_1ecbplus.xml_4,splintered_off_130_144--trashed_173_180,1.0,1.0
19_1ecbplus.xml_5,autopsy_75_82--unruly_157_163,1.0,1.0
19_1ecbplus.xml_5,shot_102_106--unruly_157_163,1.0,1.0
19_2ecbplus.xml_13,lawsuits_128_136-r-violations_175_185,1.0,1.0
19_2ecbplus.xml_2,Riots_0_5-r-Death_22_27,1.0,1.0
19_2ecbplus.xml_2,Riots_0_5-r-Killed_45_51,1.0,1.0
19_2ecbplus.xml_2,Death_22_27-r-Killed_45_51,1.0,1.0
19_2ecbplus.xml_3,protests_82_90-r-scrutiny_187_195,1.0,1.0
19_2ecbplus.xml_3,riots_95_100-r-scrutiny_187_195,1.0,1.0
19_2ecbplus.xml_3,scrutiny_187_195-r-violations_231_241,1.0,1.0
19_2ecbplus.xml_3,shooting_32_40--protests_82_90,1.0,1.0
19_2ecbplus.xml_3,shooting_32_40--riots_95_100,1.0,1.0
19_2ecbplus.xml_4,killed_9_15-r-pointed_50_57,1.0,1.0
19_2ecbplus.xml_4,killed_9_15--opened_fire_128_139,1.0,1.0
19_3ecbplus.xml_1,Enraged_0_7--battle_19_25,1.0,1.0
19_3ecbplus.xml_1,Enraged_0_7--rioting_73_80,1.0,1.0
19_3ecbplus.xml_1,battle_19_25-r-shot_138_142,1.0,1.0
19_3ecbplus.xml_1,rioting_73_80-r-shot_138_142,1.0,1.0
19_3ecbplus.xml_1,Enraged_0_7-r-shot_138_142,1.0,1.0
19_3ecbplus.xml_2,fights_3_9--arrested_74_82,1.0,1.0
19_3ecbplus.xml_2,angry_27_32--arrested_74_82,1.0,1.0
19_3ecbplus.xml_3,control_20_27-r-furious_30_37,1.0,1.0
19_3ecbplus.xml_3,control_20_27-r-broke_away_49_59,1.0,1.0
19_3ecbplus.xml_6,enraged_11_18-r-shooting_34_42,1.0,1.0
19_3ecbplus.xml_6,shooting_34_42--poured_67_73,1.0,1.0
19_3ecbplus.xml_6,shooting_34_42--pitching_135_143,1.0,1.0
19_3ecbplus.xml_6,shooting_34_42--clashes_184_191,1.0,1.0
19_3ecbplus.xml_8,vigil_84_89-r-killed_122_128,1.0,1.0
19_3ecbplus.xml_8,hostile_30_37-r-killed_122_128,1.0,1.0
19_3ecbplus.xml_8,control_20_27-r-hostile_30_37,1.0,1.0
19_3ecbplus.xml_8,control_20_27-r-broke_away_49_59,1.0,1.0
19_4ecbplus.xml_1,riot_9_13-r-death_26_31,1.0,1.0
19_4ecbplus.xml_1,riot_9_13-r-shot_50_54,1.0,1.0
19_4ecbplus.xml_1,death_26_31-r-shot_50_54,1.0,1.0
19_4ecbplus.xml_1,riot_9_13-r-have_71_75,1.0,1.0
19_4ecbplus.xml_1,shot_50_54-r-have_71_75,1.0,1.0
19_4ecbplus.xml_17,Q&A_34_37-r-shooting_81_89,1.0,1.0
19_4ecbplus.xml_6,shooting_82_90-r-have_154_158,1.0,1.0
19_5ecbplus.xml_1,anger_20_25--Riot_34_38,1.0,1.0
19_5ecbplus.xml_1,Riot_34_38-r-vigil_84_89,1.0,1.0
19_5ecbplus.xml_1,Riot_34_38-r-shot_110_114,1.0,1.0
19_5ecbplus.xml_1,vigil_84_89-r-shot_110_114,1.0,1.0
19_5ecbplus.xml_1,anger_20_25-r-shot_110_114,1.0,1.0
19_5ecbplus.xml_2,ugly_136_140-r-tossing_190_197,1.0,1.0
19_5ecbplus.xml_2,wounded_50_57-r-pointing_93_101,1.0,1.0
19_5ecbplus.xml_2,ugly_136_140-r-clashed_170_177,1.0,1.0
19_5ecbplus.xml_2,tossing_190_197--melee_221_226,1.0,1.0
19_5ecbplus.xml_2,clashed_170_177--melee_221_226,1.0,1.0
19_5ecbplus.xml_2,Memorial_0_8-r-wounded_50_57,1.0,1.0
19_5ecbplus.xml_5,shot_44_48--killed_53_59,1.0,1.0
19_5ecbplus.xml_5,shot_44_48--riot_79_83,1.0,1.0
19_5ecbplus.xml_5,killed_53_59--riot_79_83,1.0,1.0
19_5ecbplus.xml_5,death_15_20--riot_79_83,1.0,1.0
19_5ecbplus.xml_5,Anger_0_5--riot_79_83,1.0,1.0
19_5ecbplus.xml_5,riot_79_83--hurled_142_148,1.0,1.0
19_5ecbplus.xml_5,riot_79_83--smashed_176_183,1.0,1.0
19_5ecbplus.xml_5,riot_79_83--bashed_221_227,1.0,1.0
19_5ecbplus.xml_5,Anger_0_5-r-death_15_20,1.0,1.0
19_5ecbplus.xml_6,violence_14_22--march_97_102,1.0,1.0
19_5ecbplus.xml_6,march_97_102-r-vigil_134_139,1.0,1.0
19_5ecbplus.xml_6,march_97_102-r-killed_172_178,1.0,1.0
19_5ecbplus.xml_6,vigil_134_139-r-killed_172_178,1.0,1.0
19_6ecbplus.xml_1,lockdown_32_40-r-protest_51_58,1.0,1.0
19_6ecbplus.xml_15,shot_37_41--killed_46_52,1.0,1.0
19_6ecbplus.xml_15,shot_37_41-r-pointing_77_85,1.0,1.0
19_6ecbplus.xml_15,killed_46_52-r-pointing_77_85,1.0,1.0
19_6ecbplus.xml_15,pointing_77_85-r-approached_125_135,1.0,1.0
19_6ecbplus.xml_4,intervened_7_17-r-joined_45_51,1.0,1.0
19_6ecbplus.xml_4,joined_45_51-r-vigil_77_82,1.0,1.0
19_6ecbplus.xml_4,joined_45_51-r-shot_180_184,1.0,1.0
19_6ecbplus.xml_4,vigil_77_82-r-shot_180_184,1.0,1.0
19_7ecbplus.xml_1,Anger_0_5-r-Killing_50_57,1.0,1.0
19_7ecbplus.xml_3,shooting_15_23--killed_44_50,1.0,1.0
19_7ecbplus.xml_4,marred_45_51-r-thrashing_75_84,1.0,1.0
19_7ecbplus.xml_4,anger_14_19--thrashing_75_84,1.0,1.0
19_7ecbplus.xml_4,anger_14_19--protest_129_136,1.0,1.0
19_7ecbplus.xml_4,anger_14_19--another_158_165,1.0,1.0
19_7ecbplus.xml_4,another_158_165--hit_227_230,1.0,1.0
19_7ecbplus.xml_4,anger_14_19--hit_227_230,1.0,1.0
19_7ecbplus.xml_4,another_158_165--thrown_287_293,1.0,1.0
19_7ecbplus.xml_4,anger_14_19--thrown_287_293,1.0,1.0
19_7ecbplus.xml_4,another_158_165--conduct_381_388,1.0,1.0
19_7ecbplus.xml_4,arrests_349_356-r-conduct_381_388,1.0,1.0
19_7ecbplus.xml_4,anger_14_19--conduct_381_388,1.0,1.0
19_7ecbplus.xml_4,anger_14_19--marred_45_51,1.0,1.0
19_7ecbplus.xml_9,shot_55_59-r-brandished_138_148,1.0,1.0
19_7ecbplus.xml_9,shot_55_59-r-pointed_164_171,1.0,1.0
19_8ecbplus.xml_1,war_zone'_18_27-r-Chaos_30_35,1.0,1.0
19_8ecbplus.xml_1,war_zone'_18_27-r-'riot'_65_71,1.0,1.0
19_8ecbplus.xml_1,Chaos_30_35-r-shot_130_134,1.0,1.0
19_8ecbplus.xml_1,riot'_65_71-r-shot_130_134,1.0,1.0
19_8ecbplus.xml_1,vigil_97_102-r-shot_130_134,1.0,1.0
19_8ecbplus.xml_1,war_zone'_18_27-r-shot_130_134,1.0,1.0
19_8ecbplus.xml_1,Chaos_30_35-r-dead_135_139,1.0,1.0
19_8ecbplus.xml_1,riot'_65_71-r-dead_135_139,1.0,1.0
19_8ecbplus.xml_1,vigil_97_102-r-dead_135_139,1.0,1.0
19_8ecbplus.xml_1,shot_130_134--dead_135_139,1.0,1.0
19_8ecbplus.xml_1,war_zone'_18_27-r-dead_135_139,1.0,1.0
19_8ecbplus.xml_2,shot_31_35--pointed_103_110,1.0,1.0
19_8ecbplus.xml_2,killed_40_46--pointed_103_110,1.0,1.0
19_8ecbplus.xml_2,shot_31_35--killed_40_46,1.0,1.0
19_8ecbplus.xml_4,chaotic_40_47-r-rioted_70_76,1.0,1.0
19_8ecbplus.xml_4,chaotic_40_47-r-threw_81_86,1.0,1.0
19_8ecbplus.xml_6,protest_11_18-r-death_28_33,1.0,1.0
19_8ecbplus.xml_6,riot_76_80-r-lashing_out_128_139,1.0,1.0
19_9ecbplus.xml_1,vigil_9_14-r-slain_19_24,1.0,1.0
19_9ecbplus.xml_1,vigil_9_14-r-killed_30_36,1.0,1.0
19_9ecbplus.xml_1,killed_30_36-r-riot_71_75,1.0,1.0
19_9ecbplus.xml_3,gathered_7_15-r-remember_19_27,1.0,1.0
19_9ecbplus.xml_4,shot_14_18--killed_23_29,1.0,1.0
20_10ecbplus.xml_3,"""tremor""_73_81-r-earthquake_111_121",1.0,1.0
20_10ecbplus.xml_3,"""tremor""_73_81--evacuation_158_168",1.0,1.0
20_11ecbplus.xml_1,Earthquake_0_10--Levels_11_17,1.0,1.0
20_11ecbplus.xml_12,earthquake_5_15--poured_47_53,1.28671053577,1.0
20_11ecbplus.xml_12,earthquake_5_15--panic_74_79,1.83261237978,1.0
20_11ecbplus.xml_5,killed_16_22-r-earthquake_55_65,1.0,1.0
20_11ecbplus.xml_5,injured_39_46-r-earthquake_55_65,1.0,1.0
20_11ecbplus.xml_5,earthquake_55_65--razed_66_71,1.0,1.0
20_1ecbplus.xml_15,tremor_12_18--aftershocks_94_105,1.0,1.0
20_1ecbplus.xml_2,dead_4_8-r-quake_26_31,1.0,1.0
20_1ecbplus.xml_3,earthquake_11_21--killing_46_53,1.0,1.0
20_1ecbplus.xml_3,earthquake_11_21--injuring_75_83,1.0,1.0
20_1ecbplus.xml_3,earthquake_11_21--damaging_100_108,1.0,1.0
20_1ecbplus.xml_6,quake_4_9--felt_52_56,1.0,1.0
20_2ecbplus.xml_16,rocked_63_69-r-earthquake_93_103,1.0,1.0
20_2ecbplus.xml_17,registered_45_55-r-quake_58_63,1.0,1.0
20_2ecbplus.xml_18,earthquake_4_14--sinking_51_58,1.0,1.0
20_2ecbplus.xml_18,earthquake_4_14--knocked_down_15_27,1.0,1.0
20_2ecbplus.xml_2,Aftershocks_0_11--rises_50_55,1.0,1.0
20_2ecbplus.xml_2,Aftershocks_0_11--death_39_44,1.0,1.0
20_2ecbplus.xml_22,tremor_4_10--damaged_16_23,1.0,1.0
20_2ecbplus.xml_22,tremor_4_10--providing_99_108,1.0,1.0
20_2ecbplus.xml_22,tremor_4_10--service_117_124,1.0,1.0
20_2ecbplus.xml_3,death_89_94-r-earthquake_114_124,1.0,1.0
20_2ecbplus.xml_3,aftershock_10_20--rose_138_142,1.0,1.0
20_2ecbplus.xml_3,aftershock_10_20--death_89_94,1.0,1.0
20_2ecbplus.xml_4,death_8_13-r-quake_149_154,1.0,1.0
20_3ecbplus.xml_3,earthquake_7_17--felt_40_44,1.0,1.0
20_3ecbplus.xml_4,earthquake_3_13--shook_51_56,1.0,1.0
20_3ecbplus.xml_4,earthquake_3_13--flattening_112_122,1.0,1.0
20_3ecbplus.xml_4,earthquake_3_13--killing_142_149,1.0,1.0
20_4ecbplus.xml_1,Shelter_15_22-r-Quake_45_50,1.0,1.0
20_4ecbplus.xml_3,handed_out_23_33-r-earthquake_94_104,1.0,1.0
20_4ecbplus.xml_3,earthquake_94_104--killed_127_133,1.0,1.0
20_4ecbplus.xml_3,earthquake_94_104--spend_168_173,1.0,1.0
20_4ecbplus.xml_4,blackout_81_89--quake_104_109,1.0,1.0
20_4ecbplus.xml_6,tremor_60_66--felt_176_180,1.0,1.0
20_4ecbplus.xml_6,tremor_60_66--destroyed_75_84,1.0,1.0
20_4ecbplus.xml_6,tremor_60_66--damaged_88_95,1.0,1.0
20_5ecbplus.xml_3,earthquake_18_28--leveled_33_40,1.0,1.0
20_5ecbplus.xml_3,earthquake_18_28--killing_82_89,1.0,1.0
20_5ecbplus.xml_3,earthquake_18_28--wounding_105_113,1.0,1.0
20_5ecbplus.xml_8,temblor_9_16--aftershocks_53_64,1.0,1.0
20_5ecbplus.xml_8,aftershocks_53_64--panic_133_138,1.0,1.0
20_6ecbplus.xml_1,die'_9_13-r-quake_28_33,1.0,1.0
20_6ecbplus.xml_3,earthquake_11_21--injuring_112_120,1.0,1.0
20_6ecbplus.xml_3,earthquake_11_21--destroying_46_56,1.0,1.0
20_6ecbplus.xml_3,earthquake_11_21--killing_78_85,1.0,1.0
20_7ecbplus.xml_2,earthquake_3_13--killing_79_86,1.0,1.0
20_7ecbplus.xml_2,earthquake_3_13--injuring_110_118,1.0,1.0
20_7ecbplus.xml_9,tremor_35_41--shake_85_90,1.0,1.0
20_8ecbplus.xml_1,Quake_9_14--Kills_23_28,1.0,1.0
20_8ecbplus.xml_1,Quake_9_14--Hurt_37_41,1.0,1.0
20_8ecbplus.xml_1,Quake_9_14--Damaged_57_64,1.0,1.0
20_8ecbplus.xml_3,earthquake_11_21--killing_100_107,1.0,1.0
20_8ecbplus.xml_3,earthquake_11_21--injuring_122_130,1.0,1.0
20_8ecbplus.xml_3,earthquake_11_21--destruction_66_77,1.0,1.0
20_9ecbplus.xml_1,earthquake_8_18--tremor_19_25,1.0,1.0
20_9ecbplus.xml_3,Tremors_0_7--felt_111_115,1.0,1.0
20_9ecbplus.xml_3,Tremors_0_7--evacuation_147_157,1.0,1.0
20_9ecbplus.xml_3,Tremors_0_7-r-earthquake_16_26,1.0,1.0
37_10ecbplus.xml_24,tremor_18_24--killed_48_54,1.0,1.0
37_10ecbplus.xml_24,tsunami_35_42--killed_48_54,1.0,1.0
37_10ecbplus.xml_24,tremor_18_24--tsunami_35_42,1.0,1.0
37_10ecbplus.xml_25,8_._6_-_magnitude_quake_22_45--tsunami_alert_118_131,1.0,1.0
37_10ecbplus.xml_3,EARTHQUAKE_3_13--killed_14_20,1.0,1.0
37_10ecbplus.xml_3,trapped_53_60-r-collapsed_75_84,1.0,1.0
37_10ecbplus.xml_3,death_toll_170_180-r-disaster_190_198,1.0,1.0
37_10ecbplus.xml_4,6_._1_-_magnitude_quake_11_34--injured_54_61,1.0,1.0
37_10ecbplus.xml_4,quake_111_116--tsunami_129_136,1.0,1.0
37_10ecbplus.xml_4,devastated_93_103-r-tsunami_129_136,1.0,1.0
37_10ecbplus.xml_5,earthquake_4_14--reduced_15_22,1.0,1.0
37_10ecbplus.xml_5,earthquake_4_14--landslides_75_85,1.0,1.0
37_10ecbplus.xml_5,earthquake_4_14--damaged_96_103,1.0,1.0
37_10ecbplus.xml_6,trapped_52_59-r-collapse_77_85,1.0,1.0
37_11ecbplus.xml_4,6_._1_-_magnitude_earthquake_9_37--running_150_157,1.0,1.0
37_11ecbplus.xml_6,ran_7_10-r-quake_81_86,1.0,1.0
37_11ecbplus.xml_6,in_panic_28_36-r-quake_81_86,1.0,1.0
37_11ecbplus.xml_8,tsunami_53_60--killed_66_72,1.0,1.0
37_11ecbplus.xml_8,quake_10_15--tsunami_53_60,1.0,1.0
37_12ecbplus.xml_1,Earthquake_0_10--Killing_64_71,1.0,1.0
37_12ecbplus.xml_10,Tsunami_4_16--killed_22_28,1.0,1.0
37_12ecbplus.xml_10,Tsunami_4_16-r-quake_109_114,1.0,1.0
37_12ecbplus.xml_3,magnitude_-_6_._1_earthquake_2_30--killing_123_130,1.0,1.0
37_12ecbplus.xml_3,magnitude_-_6_._1_earthquake_2_30--missing_167_174,1.0,1.0
37_12ecbplus.xml_5,quake_46_51--injured_60_67,1.0,1.0
37_12ecbplus.xml_5,quake_46_51--damaged_79_86,1.0,1.0
37_12ecbplus.xml_6,ran_7_10-r-quake_39_44,1.0,1.0
37_12ecbplus.xml_6,quake_141_146--power_outage_160_172,1.0,1.0
37_13ecbplus.xml_12,tsunami_49_56--killed_62_68,1.0,1.0
37_13ecbplus.xml_12,earthquake_17_27--tsunami_49_56,1.0,1.0
37_13ecbplus.xml_4,earthquake_9_19--damaging_70_78,1.0,1.0
37_14ecbplus.xml_11,difficult_38_47-r-traffic_jams_72_84,1.0,1.0
37_14ecbplus.xml_17,earthquake_17_27--tsunami_49_56,1.0,1.0
37_14ecbplus.xml_17,tsunami_49_56--killed_62_68,1.0,1.0
37_14ecbplus.xml_3,earthquake_9_19--killing_66_73,1.0,1.0
37_14ecbplus.xml_3,earthquake_9_19--missing_117_124,1.0,1.0
37_1ecbplus.xml_1,injured_19_26-r-Indonesia_quake_30_45,1.0,1.0
37_1ecbplus.xml_1,dead_5_9-r-Indonesia_quake_30_45,1.0,1.0
37_1ecbplus.xml_23,tremor_18_24--tsunami_35_42,1.0,1.0
37_1ecbplus.xml_23,tsunami_35_42--killed_48_54,1.0,1.0
37_1ecbplus.xml_24,quake_40_45--tsunami_alert_118_131,1.0,1.0
37_1ecbplus.xml_25,died_12_16-r-quake_55_60,1.0,1.0
37_1ecbplus.xml_25,injured_32_39-r-quake_55_60,1.0,1.0
37_1ecbplus.xml_25,died_12_16-r-aftershocks_75_86,1.0,1.0
37_1ecbplus.xml_25,injured_32_39-r-aftershocks_75_86,1.0,1.0
37_1ecbplus.xml_26,earthquake_26_36--killed_65_71,1.0,1.0
37_1ecbplus.xml_3,earthquake_11_21--landslides_83_93,1.0,1.0
37_1ecbplus.xml_3,earthquake_11_21--flattened_51_60,1.0,1.0
37_1ecbplus.xml_3,earthquake_11_21--killing_104_111,1.0,1.0
37_1ecbplus.xml_3,earthquake_11_21--injuring_137_145,1.0,1.0
37_1ecbplus.xml_3,quake_183_188--tsunami_201_208,1.0,1.0
37_1ecbplus.xml_3,devastated_165_175-r-tsunami_201_208,1.0,1.0
37_1ecbplus.xml_5,It_0_2--destroyed_3_12,1.0,1.0
37_2ecbplus.xml_11,6_._4_-_magnitude_quake_14_37--killing_80_87,1.0,1.0
37_2ecbplus.xml_12,8_._7_-_magnitude_earthquake_3_31--tsunami_alerts_120_134,1.0,1.0
37_2ecbplus.xml_13,quake_9_14--tsunami_55_62,1.0,1.0
37_2ecbplus.xml_13,tsunami_55_62--killed_68_74,1.0,1.0
37_2ecbplus.xml_3,6_._1_-_magnitude_earthquake_11_39--killing_91_98,1.0,1.0
37_2ecbplus.xml_3,6_._1_-_magnitude_earthquake_11_39--injuring_125_133,1.0,1.0
37_2ecbplus.xml_7,difficult_215_224-r-traffic_jams_249_261,1.0,1.0
37_3ecbplus.xml_1,injured_44_51--6_._1_magnitude_quake_55_76,1.0,1.0
37_3ecbplus.xml_1,dead_26_30-r-6_._1_magnitude_quake_55_76,1.0,1.0
37_3ecbplus.xml_14,damaged_24_31-r-quake_190_195,1.0,1.0
37_3ecbplus.xml_14,fell_onto_48_57-r-quake_190_195,1.0,1.0
37_3ecbplus.xml_15,difficult_38_47-r-traffic_jams_72_84,1.0,1.0
37_3ecbplus.xml_19,magnitude_-_9_._1_earthquake_12_40--tsunami_62_69,1.0,1.0
37_3ecbplus.xml_19,tsunami_62_69--killed_75_81,1.0,1.0
37_3ecbplus.xml_3,6_._1_magnitude_earthquake_71_97--dead_127_131,1.0,1.0
37_3ecbplus.xml_3,6_._1_magnitude_earthquake_71_97--injured_145_152,1.0,1.0
37_3ecbplus.xml_3,rescue_operations_32_49-r-6_._1_magnitude_earthquake_71_97,1.0,1.0
37_3ecbplus.xml_7,quake_4_9--evacuated_72_81,1.0,1.0
37_3ecbplus.xml_7,quake_4_9--landslides_25_35,1.0,1.0
37_4ecbplus.xml_1,dead_23_27-r-6_._1_-_magnitude_earthquake_31_59,1.0,1.0
37_4ecbplus.xml_1,injured_7_14-r-6_._1_-_magnitude_earthquake_31_59,1.0,1.0
37_4ecbplus.xml_15,tremor_18_24--tsunami_35_42,1.0,1.0
37_4ecbplus.xml_15,tsunami_35_42--killed_48_54,1.0,1.0
37_4ecbplus.xml_18,major_earthquake_22_38--killed_67_73,1.0,1.0
37_4ecbplus.xml_3,6_._1_-_magnitude_earthquake_2_30--killed_84_90,1.0,1.0
37_4ecbplus.xml_3,6_._1_-_magnitude_earthquake_2_30--injured_101_108,1.0,1.0
37_4ecbplus.xml_3,6_._1_-_magnitude_earthquake_2_30--destroyed_120_129,1.0,1.0
37_4ecbplus.xml_3,quake_187_192--tsunami_205_212,1.0,1.0
37_4ecbplus.xml_3,devastated_169_179-r-tsunami_205_212,1.0,1.0
37_4ecbplus.xml_3,6_._1_-_magnitude_earthquake_2_30--panic_151_156,1.0,1.0
37_5ecbplus.xml_1,injured_7_14-r-6_._1_-_magnitude_quake_18_41,1.0,1.0
37_5ecbplus.xml_3,6_._1_-_magnitude_earthquake_9_37--collapse_116_124,1.0,1.0
37_5ecbplus.xml_3,6_._1_-_magnitude_earthquake_9_37--injuring_129_137,1.0,1.0
37_5ecbplus.xml_8,ran_12_15-r-quake_86_91,1.0,1.0
37_5ecbplus.xml_8,in_panic_33_41-r-quake_86_91,1.0,1.0
37_5ecbplus.xml_9,quake_10_15--tsunami_53_60,1.0,1.0
37_5ecbplus.xml_9,tsunami_53_60--killed_66_72,1.0,1.0
37_6ecbplus.xml_15,magnitude_9_._1_quake_12_33--tsunami_60_67,1.0,1.0
37_6ecbplus.xml_15,tsunami_60_67--killed_73_79,1.0,1.0
37_6ecbplus.xml_2,rescue_operation_15_31-r-earthquake_45_55,1.0,1.0
37_6ecbplus.xml_3,6_._1_magnitude_earthquake_40_66--flattening_99_109,1.0,1.0
37_6ecbplus.xml_3,6_._1_magnitude_earthquake_40_66--landslides_129_139,1.0,1.0
37_6ecbplus.xml_3,Rescue_operations_0_17-r-6_._1_magnitude_earthquake_40_66,1.0,1.0
37_6ecbplus.xml_4,killed_38_44-r-quake_78_83,1.0,1.0
37_6ecbplus.xml_4,injured_63_70-r-quake_78_83,1.0,1.0
37_6ecbplus.xml_5,killed_34_40-r-collapsed_83_92,1.0,1.0
37_6ecbplus.xml_5,trapped_48_55-r-collapsed_83_92,1.0,1.0
37_7ecbplus.xml_12,difficult_36_45-r-traffic_jams_70_82,1.0,1.0
37_7ecbplus.xml_14,hit_9_12-r-tsunami_69_76,1.0,1.0
37_7ecbplus.xml_14,tsunami_69_76--killing_87_94,1.0,1.0
37_7ecbplus.xml_14,Boxing_Day_earthquake_43_64--killing_87_94,1.0,1.0
37_7ecbplus.xml_14,hit_9_12-r-Boxing_Day_earthquake_43_64,1.0,1.0
37_7ecbplus.xml_2,earthquake_9_19--injures_20_27,1.0,1.0
37_7ecbplus.xml_3,injured_21_28-r-6_._1_magnitude_earthquake_61_87,1.0,1.0
37_7ecbplus.xml_3,destroyed_43_52-r-6_._1_magnitude_earthquake_61_87,1.0,1.0
37_7ecbplus.xml_9,quake_4_9--shaken_26_32,1.0,1.0
37_8ecbplus.xml_1,6_._1_magnitude_earthquake_9_35--injures_36_43,1.0,1.0
37_8ecbplus.xml_11,hit_9_12-r-tsunami_71_78,1.0,1.0
37_8ecbplus.xml_11,tsunami_71_78--killing_89_96,1.0,1.0
37_8ecbplus.xml_11,"""Boxing_Day""_earthquake_43_66--killing_89_96",1.0,1.0
37_8ecbplus.xml_11,"hit_9_12-r-""Boxing_Day""_earthquake_43_66",1.0,1.0
37_8ecbplus.xml_7,quake_4_9--shaken_26_32,1.0,1.0
37_8ecbplus.xml_9,difficult_36_45-r-traffic_jams_70_82,1.0,1.0
37_9ecbplus.xml_1,injured_7_14-r-6_._1_-_magnitude_quake_18_41,1.0,1.0
37_9ecbplus.xml_3,quake_199_204--tsunami_217_224,1.0,1.0
37_9ecbplus.xml_3,devastated_181_191-r-tsunami_217_224,1.0,1.0
37_9ecbplus.xml_3,6_._1_-_magnitude_earthquake_2_30--killed_84_90,1.0,1.0
37_9ecbplus.xml_3,6_._1_-_magnitude_earthquake_2_30--injured_113_120,1.0,1.0
37_9ecbplus.xml_3,6_._1_-_magnitude_earthquake_2_30--destroyed_132_141,1.0,1.0
37_9ecbplus.xml_3,6_._1_-_magnitude_earthquake_2_30--panic_163_168,1.0,1.0
